word,definition
agulha," Pequena e fina haste de metal, aguçada de um lado, com um orifício no outro, por onde se enfia a linha ou cordão que serve na costura. Ofício de costureira. Varinha curva, de metal, que tem, em vez de orifício, um pequeno gancho, e que serve para fazer meia. Peça de máquina de costura, que tem o orifício próximo do lado aguçado. Obelisco. "
agulha para coleta de sangue,NA
alergia,NA
analgesia, O mesmo que _analgia_. 
analgésico, O mesmo que _análgico_. 
analizador de gases sanguíneos,NA
andrologia," Ciência do homem e, especialmente, das doenças do homem. "
anemia, Diminuição do sangue no organismo animal. Diminuição dos elementos vivificantes do sangue. 
anestesia, Ausência ou diminuição de sensibilidade. 
anorexia, Falta de apetite. 
antibiótico,NA
anticorpo,NA
antídoto," Substância, que impede a acção nociva de substância venenosa. Contraveneno. "
antigénio,NA
antinflamatório,NA
antitóxico, Contrário aos tóxicos. Que serve de antídoto ou contraveneno. 
aparelho de pressão arterial,NA
aparelho de raio x portátil,NA
apatia, Indiferença. Indolência. Inacessibilidade a comoções. 
apendicectomia, Ablação do apêndice ileocecal. 
arritmia, Irregularidade e desigualdade das contracções do coração. 
artéria," Cada um dos vasos, que levam sangue a todas as partes do corpo. Grande via de comunicação: _o Chiado é uma das principais artérias de Lisboa_. "
artrite, Inflamação nas articulações. 
asma," Dificuldade de respirar, que se manifesta por acessos irregulares. "
aspirador cirúrgico,NA
asseptização,NA
astenia, Fraqueza; debilidade. 
ataxia," Irregularidade, desordem, falta de coordenação, nos movimentos voluntários, contrastando com a integridade da força muscular. "
ateroma," Nome, que se dava ao cisto sebáceo, formado no pescoço ou nas artérias do pescoço. "
atia,NA
atrofia muscular,NA
ausculta,NA
autoclave," Vaso ou marmita, usada especialmente nas farmácias para fazerem cocções sem evaporação. "
bacteremia,NA
bactéria, Insecto orthóptero das regiões intertropicais. 
balança," Instrumento, que determina o peso dos corpos, em relação a certa unidade, e cuja parte essencial é uma alavanca, travessão ou cutelo. Equilibrio: "
balanite, O mesmo que _balanita_. 
bandeja de instrumentos,NA
bariatria,NA
barreira hematoencefálica,NA
bexiga," Reservatório músculo-membranoso, situado na parte inferior do abdómen, e destinado a conter a urina, que deve sair pela uretra. "
bilirrubina,NA
biópsia,NA
bioquímica," Parte da Biologia, que trata da constituição química das substâncias produzidas pela acção da vida. "
bisturi,NA
bócio, Papeira. (Da mesma or. que _bochecha_. Cp. fr. _bosse_) 
bombas de infusão,NA
bradicardia, Pulsação lenta do coração. 
broncoespasmo,NA
cálcio," Metal branco e amarelado, que se extrai da cal. Metal, que, combinado com o oxigénio, constitue a cal. "
cama hospitalar,NA
câmara escura para radiografia,NA
campo cirúrgico,NA
câncer, Uma das constelações do Zodíaco. Cancro. 
cânula, Tubo de vários instrumentos cirúrgicos. 
cânula de traqueostomia,NA
cardiologia, Tratado do coração. 
cárie," Ulceração nos dentes e ossos, que os destrói progressivamente. Caruncho. Doença dos vegetais, semelhante à cárie. Destruição progressiva. "
catarro," Fluxão nas membranas mucosas. Bronquite. Constipação, acompanhada de tosse. "
cateter," Sonda, que se emprega na operação da talha. "
cauterização, Acto de _cauterizar_. 
cefaleia, Dor violenta de cabeça. 
celulite (infecciosa),NA
cervicite," Inflamação do colo uterino; metrite, localizada no colo do útero. "
cicatrização, Acto de cicatrizar. 
ciclo cardíaco,NA
cirurgia," Parte da Medicina, que trata principalmente de lesões externas, e dos processos manuais ou operações com que elas se curam, bem como de operações que facilitam ou tornam possível o tratamento de lesões internas. "
cistite, Inflamação da bexiga. 
citologia, Estudo da célula em geral. 
clareamento dental,NA
coagulopatia,NA
colectomia,NA
colostomia,NA
colposcópio,NA
comorbidade,NA
complicação, Acto e efeito de complicar. 
condiloma," Pequeno tumor no ânus, determinado pela hipertrofia da derme. "
conjuntivite, Inflamação da conjuntiva. 
constipação," Estado mórbido, com diferentes caracteres, tais como: defluxão, calafrios, prisão de ventre, etc. "
conta-gotas," Instrumento, com que se contam as gotas de um medicamento ou de outro líquido. "
contaminação, Acto ou efeito de contaminar. Infecção. 
contraste (radiológico),NA
convalescença, Acto de convalescer. 
convulsão," Acto de convellir. Contracção muscular, produzida por doença. Cataclismo. Grande agitação. Grande transformação. Revolução. "
coriorretinite,NA
corticoide,NA
criocirurgia,NA
criptorquidia," Ausência dos testículos nas bolsas, em virtude da sua retenção no abdómen ou no canal inguinal. "
crónico, Que dura há muito tempo. 
cura, Acto ou efeito de curar. Tratamento. Restabelecimento da saúde. 
cureta periodontal,NA
curetagem,NA
cútis, Pele das pessoas. Epiderme; tez. 
de," Exprime restrição da palavra que a precede: _filho de Pedro_. Ligação dos verbos auxiliares com o infinito de outros verbos: _ter de fugir_. Relação de movimento, proveniência, propriedade, carácter, profissão. Estado. Naturalidade: _sou de Portugal_. Situação, causa: _morrer de febre amarela_. Mudança: _saiu de Lisboa_. Conformidade. Formação: _estátua de pedra_. Instrumento: _a golpes de faca_. Dimensão: _um metro de altura_. Modo; e às vezes é elemento de loc. prep. e adv.: _resolveu de per si_. "
débito cardíaco,NA
decúbito, Posição de quem está deitado. 
defecação, Acto de defecar. 
deglutição, Acto de deglutir. 
demografia, Estatística da população. 
dente de leite,NA
deo,NA
depressão, Acto de deprimir. Abaixamento por efeito de pressão. Diminuição. Terreno mais baixo que o que lhe fica aos lados. Pequena cavidade. 
dermabrasão,NA
dermatologia, Tratado da pele. 
desfibrilação,NA
desfibrilador,NA
desidratação, Acto de desidratar. 
desinfecção, Acto ou efeito de desinfectar. 
desinfetante,NA
dextrocardia," Deslocamento do coração para o lado direito, em consequência de um tumor intra-torácico ou de outro incidente mórbido. "
diagnóstico," Conhecimento ou determinação de uma doença, pela observação dos seus sintomas. Conjunto dos sintomas, em que se funda essa determinação. "
diagnóstico diferencial,NA
dialética,NA
diálise," Acto de dialisar. Faculdade que possuem as membranas, de deixar passar através dos seus poros certas substâncias, com exclusão de outras. Cf. _Museu Techn._, 90. "
diapedese,NA
dieta," Modo de empregar o que é necessário à conservação da vida, tanto em saúde como em doença. Hvgiene. Abstenção de alguns ou de todos os alimentos, em caso de doença. Privação de alimento. "
diferenciação celular,NA
difusão, Acto de difundir. Prolixidade. 
digestão," Elaboração dos alimentos nas vias digestivas, ou função orgânica, caracterizada pela dissolução, liquefacção, e absorção dos alimentos, com dejecção dos resíduos. Acto de digerir, (em sentido fig). "
dilatação e curetagem,NA
dismenorreia," Corrimento menstrual, difícil e doloroso. Dificuldade da menstruação. "
dispepsia, Dificuldade na digestão. Má digestão. 
displasia cervical,NA
dispnéia,NA
distensão, Acto ou efeito de distender. Torção violenta dos ligamentos de uma articulação. 
distensão abdominal,NA
diurese, Secreção copiosa de urina. 
diurético, Que facilita a secreção urinária. 
diverticulite,NA
doença, Alteração na saúde. Falta de saúde. Moléstia. Mal. 
dorsalgia,NA
drenagem linfática,NA
duodenoscopia,NA
eclampsia," Doença convulsiva, que se manifesta nas crianças e nas puérperas, acompanhada ordinariamente da perda dos sentidos. "
ecografia,NA
ecopraxia,NA
edema," Inchação, formada por serosidade infiltrada no tecido celular, sem vermelhidão nem dor, e que desaparece com uma demorada pressão de dedos. "
edema pulmonar,NA
efeito placebo,NA
efusão, Acto de efundir. 
eletrocardiógrafo,NA
eletrocardiograma,NA
eletrocautério,NA
eletrocauterização,NA
eletrocoagulação,NA
embriologia, Tratado da formação e desenvolvimento do embrião. 
emergência, Acto de emergir. 
emergência médica,NA
empiema, Ajuntamento de pus ou sangue numa cavidade do corpo. 
encefalite, Inflamação do encéfalo. 
endarterectomia,NA
endemia," Doença, que grassa num povo ou numa região, e que depende de causas meramente locais. "
endocrinologia,NA
endometrite,NA
endoscopia, Aplicação do endoscópio. 
enema," Medicamento, com que os antigos tratavam feridas. Clister. Cf. Júl. Ribeiro, _Gram._, 156. "
enterocolite," Nome, que também se dá à enterite, porque esta tem geralmente a sua sede no intestino delgado e no cólon. "
enxaqueca," Dor, em parte da cabeça; hemicrania. "
enzima," Fermento solúvel, de diástese e zímase. "
eosinofilia,NA
epicondilite,NA
epidemia," Doença, que ataca muitos indivíduos, ao mesmo tempo e na mesma terra ou região. "
epididimite, Inflamação do epidídimo. 
epífise," Saliência óssea, que, unida a um osso por uma cartilagem, se converte em apófise, pelo desenvolvimento da ossificação. "
epiglotite, Inflamação da epiglote. 
epilepsia," Doença cerebral, caracterizada por convulsões e pela perda dos sentidos. "
episiotomia,NA
equimose," Mancha avermelhada ou escura, formada na pele por sangue extravasado em consequência de contusão. "
equipamento de endoscopia,NA
equipamento de laparoscopia,NA
eritema,NA
eructação, Arroto. 
escabiose,NA
esclerodermia, O mesmo que _escleroderma_. 
esclerose, Qualquer endurecimento mórbido dos tecidos. 
escova cirúrgica,NA
esfigmomanômetro,NA
esfíncter," Cada um dos músculos circulares, que, sob a acção da vontade, abrem ou fecham outras tantas cavidades do corpo humano. "
espasmo," Contracção involuntária dos músculos, mormente dos que não estão sujeitos à vontade. Convulsão. "
espátula de ayre,NA
espectrofotometria,NA
espéculo," Instrumento cirúrgico, com que se observam certas cavidades do corpo humano. "
espelho bucal,NA
esplenectomia, O mesmo ou melhor que _esplenotomia_. 
espondilite, Inflamação vertebral. 
essuscitação cardiopulmonar,NA
estabilização, Acto ou efeito de estabilizar. 
estadiamento,NA
estenose, Aperto de qualquer canal orgânico. 
esterilidade, Qualidade de estéril. 
estetoscópio," Instrumento cirúrgico, para auscultação. "
estimulador elétrico nervoso transcutâneo (tens),NA
estímulo, Aquilo que estimula. Aguilhão. Incentivo. 
estiramento, Acto ou efeito de estirar. 
estômago," Víscera, em que se faz a digestão dos alimentos. Parte exterior do corpo, correspondente à região estomacal: _uma pancada no estômago_. "
estomatite, Inflamação da mucosa da boca. 
estomatologia, Estudo da boca e das suas moléstias. 
estrabismo, Qualidade de quem é vesgo. 
estresse,NA
estrongiloidíase,NA
estrutura,NA
estudo duplo-cego,NA
estupor," Afroixamento das faculdades intelectuais, por doença. Paralisia. Hemiplegia. "
esvaziamento, Acto ou efeito de esvaziar. 
eutanásia,NA
evacuação, Acto de evacuar. Acto de sair de uma praça que estava ocupada militarmente. Acto de expelir os excrementos. Matérias evacuadas. 
evasão, Acto de evadir-se. 
eventração," Hérnia, nas paredes abdominais, em resultado de uma abertura acidental. Ferida penetrante do abdómen, dando saída a uma porção de vísceras. "
evolução," Acto de mover-se progressivamente: _em política, prefere-se a evolução à revolução_. Desenvolvimento. Movimento regular de tropas ou de uma esquadra ou de um navio, mudando de posição. Giros de algumas aves, voando. "
exacerbação, Acto ou efeito de exacerbar. 
exame," Observação ou investigação minuciosa e atenta. Análise; revista: _os médicos fizeram-lhe exame dos ferimentos_. Interrogatório. Demonstração, mais ou menos solene, de competência para o exercício de um cargo. Prova de habilitação ou não habilitação em algum ramo de conhecimentos humanos: _fez exame de inglês_. "
exame de sangue,NA
exantema," Qualquer doença cutânea, caracterizada por uma vermelhidão mais ou menos viva, sem pústulas. "
excisão, Acto de cortar. Amputação; ablação de uma parte de um todo. 
excreção," Acção, com que certos órgãos expelem de si as matérias sólidas ou líquidas que contém. Substância excrementícia. "
exercício," Acto de exercer ou de exercitar. Conjunto dos movimentos espontâneos do corpo. Movimentos calculados e metódicos, em ginástica. Aquilo com que se exercitam as faculdades morais e intelectuais. Recreio. Prática, uso. Manobras militares, para instrução. "
exérese,NA
exocitose,NA
exoftalmia, O mesmo que _exoftalmo_. 
expansão torácica,NA
expectoração, Acto de expectorar. 
exposição (radiológica),NA
expulsão, Acto ou efeito de expulsar. Acto de expelir. Secreção. 
extensão," Efeito de estender. Qualidade daquilo que é extenso. Dimensão. Porção de espaço ou de tempo. Superfície. Operação, em que se estende a parte inferior de um osso fracturado. Doença no tendão flexor do pé do cavalo. Ampliação. Desenvolvimento. Intensidade. Vastidão: _a extensão do Oceano_. "
extirpação, Acto ou efeito de extirpar. 
extravasamento, O mesmo que _extravasação_. 
extubação,NA
fadiga," Cansaço, resultante de trabalho excessivo. Faina; lida; trabalho. "
falência orgânica,NA
faringe," Cavidade músculo-membranosa, entre a boca e a parte superior do esófago. "
faringite, Inflamação da faringe. 
farmacêutico, Relativo a farmácia. 
farmacologia," Parte da matéria médica, que tem por objecto fazer conhecer os medicamentos e ensinar a aplicação deles. "
fascia,NA
fáscia,NA
fasciotomia,NA
fascite,NA
fase," Cada um dos aspectos diversos da Lua e de outros planetas, segundo a maneira, com que recebem a luz do Sol. Cada uma das modificações sucessivas que se notam em certas coisas: _as fases de uma questão_. Cada um dos diferentes aspectos que uma coisa apresenta sucessivamente: _as fases da vida_. "
febre," Estado mórbido, caracterizado pela aceleração do pulso e aumento de calor. "
febre amarela,NA
fecundação, Acto ou efeito de fecundar. 
fecundação in vitro,NA
feixe, Gavela; braçado. Molho. 
fêmur," Osso, que constitue a parte sólida da coxa da perna. Coxa. Nó superior das patas dos insectos. "
fenda, Abertura de objecto fendido; fisga; racha. 
fenótipo,NA
ferida, Chaga; golpe; úlcera. 
fermentação," Reacção espontânea de um corpo orgânico, pela presença de um fermento que o decompõe. "
fertilidade, Qualidade do que é fértil. Fecundidade. 
feto,NA
fibra," O mesmo que _fêvera_. Elemento anatómico, longo e frágil. "
fibrose,NA
fibrose cística,NA
fígado," Víscera volumosa, parte da qual produz a bílis, em-quanto a outra parte produz a substância açucarada que passa aos pulmões, servindo aos actos respiratórios. "
filtração, Acto de filtrar. 
fimose," Aperto natural ou acidental, que não deixa que o prepúcio se retire para trás. "
fisiologia," Ciência, que trata das funções dos órgãos nos seres vivos, vegetais e animais. Tratado de Fisiologia. "
fissão,NA
fissura, Fenda. Úlcera na mucosa do ânus. 
fissura anal,NA
fístula," Úlcera, de abertura estreita, e comunicando com uma cavidade natural. "
fístula arteriovenosa,NA
fixação," Acto de fixar. Operação química, com que se torna fixo um corpo volátil. "
flacidez, Estado ou qualidade daquilo que é flácido. 
flebite, Inflamação da membrana interna das veias. 
flebotomia, Sangria; arte de sangrar. 
flora," Conjunto das plantas, que crescem em determinada região. Tratado, acerca dessas plantas. Pequeno planeta, entre Marte e Clio. "
fluorescência," Iluminação especial, que apresentam certas substâncias, quando expostas à acção dos raios químicos. "
fluxo," Preamar, enchente fluvial. "
fobia," Designação genérica das diferentes espécies de medo mórbido, como agorafobia, a talassofobía, etc. "
foliculite, Inflamação dos folículos pilosos. 
folículo," Pequeno fole. Vesícula. Vagem de uma só sutura longitudinal. Pequena cavidade nas glândulas, entre as extremidades das artérias, veias e canais secretores. "
fontanela," Parte membranosa do crânio das crianças. Fonte aberta por operação cirúrgica, como revulsivo. Fontículo. "
forame," Abertura, cova. "
fórmula," Expressão de um preceito ou de um principio. Receita, escrita por um médico ou indicada em algum receituário ou pharmacopeia. Expressão matemática, para resolver problemas análogos. Palavras, que servem invariavelmente na celebração de certos actos solenes. "
fossa," Cova. Cavidade subterrânea, em que se recolhem imundícies. Pequena cavidade natural no queixo ou na face. "
fotofobia, Aversão à luz. 
frasco de coleta de urina,NA
fratura,NA
frênulo,NA
fricção, Acto de friccionar. Medicamento para fomentações. 
frontal, Relativo a fronte: _osso frontal_. 
fungicida, Que destrói os fungos ou fungões. 
fungo, Excrescência na pele ou nas mucosas em forma de cogumelo. Fungão^2. 
gânglio," Pequeno corpo cinzento e arredondado, que se encontra no trajecto dos nervos. "
garganta," O mesmo que _laringe_. Parte interior do pescoço, por onde os alimentos passam da boca ao estômago. Pescoço. Gomo da cana de açúcar. Abertura estreita. Desfiladeiro; passagem estreita entre montanhas. Moldura reentrante. "
garrote," Pau curto, com que se apertava a corda do enforcado. Estrangulação, sem que se suspenda a vítima. (Talvez de _garra_) "
gasometria,NA
gastroenterite, Inflamação simultânea do estômago e dos intestinos. 
gastroenterologia,NA
gastroplastia," Operação, para fazer desaparecer um estreitamento do estômago ou para se fechar o orifício de uma úlcera do mesmo órgão. "
gastrost,NA
gastrostomia," Abertura de uma boca estomocal, pela qual se introduzam alimentos. "
gel condutor para ultrassom,NA
gene,NA
genealogia, Série ascendente ou descendente de antepassados. Linhagem. Exposição das origens e ramificações de uma família. 
genética,NA
genoma,NA
genótipo,NA
geriatria,NA
germicida, Que destrói os germes ou embriões. 
gestação," Tempo, que medeia entre a concepção e o nascimento dos mamíferos. Gravidez. "
ginecomastia,NA
glicemia, Existência normal da glicose no sangue. 
glicogênio,NA
glicose, Açúcar de uvas ou do amido. 
glicosímetro,NA
glicosúria,NA
glomerulonefrite,NA
glucagon,NA
glutamina,NA
gônada,NA
gonadotrofina,NA
goniometria, Arte de medir ângulos. 
gonorreia, Corrimento mucoso pelo canal da uretra. 
gordura," Substância animal untuosa e de pouca consistência, que se derrete facilmente. Qualidade de quem ou daquilo que é gordo. "
gradiente,NA
granulação," Acto ou efeito de granular^2. Granito. Porção de glóbulos, na superfície de um órgão ou de uma membrana. "
granuloma," Tumor, formado de tecido granuloso. "
gravidez," Qualidade ou estado de grávido. Estado da mulher e das fêmeas em geral, durante o tempo em que se desenvolve o respectivo embrião. Gestação; prenhez. "
hábito," Costume. Uso. Vestuário. Roupagem de frade ou freira. Aspecto, aparência. "
hálito," Ar que sai dos pulmões, depois de aspirado. Cheiro; exalação. Viração. "
hemácias,NA
hematêmese,NA
hematologia, Tratado teórico acerca do sangue. 
hematoma," Tumor sanguíneo, resultante de contusão, da ruptura de varizes, etc. "
hematopoese,NA
hematuria, Fluxo de sangue pela uretra. 
hemocultura,NA
hemodialise,NA
hemodiálise,NA
hemofilia," Alteração no sangue, em virtude da qual é difícil estancar o que sai pelo nariz ou por qualquer ferimento. "
hemoglobina," Substância, que constitue os 9/10 do peso dos princípios fixos dos glóbulos sanguíneos. "
hemograma,NA
hemoptise, Hemorragia da membrana mucosa do pulmão. Expectoração de sangue. 
hemorragia, Derramamento de sangue para fora dos vasos que o devem conter. 
hemorroida,NA
hemostasia, 
hepatectomia,NA
hepatite, Inflamação do fígado. 
hepatologia, Tratado acerca do fígado. 
hérnia," Tumor, produzido pela saída ou deslocação de uma víscera. "
hérnia discal,NA
herpes, Afeção vesiculosa da pele. 
hidratação," Acto de hidratar. Cf. _Techn. Rur._, 113 e 347. "
hidrocefalia," Hidropisia cerebral, chamada vulgarmente _cabeça de água_. "
hidropsia,NA
hidroterapia," Tratamento de doenças, por meio de água fria, em aplicações exteriores. "
hiperemia, Superabundância de sangue em qualquer parte do corpo. 
hiperplasia," Proliferação celular anormal, que origina inflamação ou tumores. "
hipertensão,NA
hipertrofia," Desenvolvimento excessivo de um órgão ou de uma parte de um órgão, sem alteração real do seu tecido. "
hiperventilação,NA
hipnose," Estado particular, caracterizado pelo sono nervoso e pela sugestão. "
hipoalergênico,NA
hipocalemia,NA
hipófise, A glândula pituitária. 
hipotálamo,NA
hipotermia, Abaixamento anormal da temperatura do corpo ou de uma parte do corpo. 
hipotireoidismo,NA
hipoventilação,NA
histerectomia, Ablação do útero ou de parte dele. 
histologia, Exposição científica das leis que presidem à formação e disposição dos tecidos orgânicos. 
histopatologia,NA
histoplasma,NA
história clínica,NA
hiv,NA
homeopatia," Sistema de tratar doenças por meio de agentes, que podem determinar afecção análoga à que se procura debelar. "
homeostase,NA
homogêneo," Que tem a mesma natureza, ou que é do mesmo género que outro objecto. Idêntico. "
hormônio,NA
hormônio luteinizante,NA
hospedeiro, Relativo a hóspede. Que hospeda. 
humerus,NA
humor," Qualquer fluido, contido num corpo organizado. Produto mórbido e líquido de um corpo orgânico. Humidade. "
humoral, Relativo a humor. 
icterícia," Enfermidade, caracterizada por certa amarelidão na pele e nas escleróticas, e produzida pela mistura da parte corante da bílis com o sangue. "
idiopático, Relativo à idiopatia. 
imunidade," Isenção de algum encargo. Privilégio. Predisposição orgânica, pela qual alguns indivíduos estão isentos de moléstias que atacam outros, colocados em meio idêntico. "
imunização, Acto de imunizar. 
imunodeficiência,NA
imunoglobulina,NA
imunossupressão,NA
inalação, Acto ou efeito de inalar. 
inapetência, Falta de apetite. 
incisão, O mesmo que [[corte:1]]. 
incontinência, Qualidade de incontinente; falta de continência. Dificuldade em reter: _incontinência de urinas_. 
indução," Acto ou efeito de induzir. Sugestão. Raciocínio, em que, de factos particulares, se tira uma conclusão genérica. Conclusão. Acto de estabelecer uma corrente eléctrica, produzindo corrente inversa num circuito próximo. Acto de interromper uma corrente eléctrica, produzindo corrente semelhante num circuito próximo. "
infarto,NA
infarto do miocárdio,NA
infecção, Acto ou efeito de infeccionar. Corrupção; contágio. 
infeccioso, Que resulta de infecção: _moléstia infecciosa_. Que produz infecção: _pântano infeccioso_. 
inflamação, Acto ou efeito de inflamar. Ardor intenso. Rubor excessivo. 
inflamatório, Inflamativo; relativo à inflamação. 
ingestão, Acto de ingerir; deglutição. 
inibidor,NA
injeção,NA
innervação,NA
insolação," Acto ou efeito de insolar. Acção ou efeito do sol nos corpos orgânicos ou inorgânicos. Resultado mórbido da exposição ao ardor do sol. Acto de expor ao sol, como meio terapêutico. Desecação de substâncias medicamentosas, sob a acção do sol. O calor, que o sol transmite à terra. "
inspeção,NA
instabilidade, Qualidade de instável; falta de estabilidade. 
instilação, Acto ou efeito de instilar. 
insuficiência, Qualidade daquilo que é insuficiente. 
insuficiência renal,NA
insulina,NA
integração, Acto de integrar. 
intensidade, Qualidade daquilo que é intenso; grau elevado: _a intensidade do calor_. 
interferência, Intervenção. Qualidade daquilo que é interferente. 
interferon,NA
intermitente," Que intermite. Que tem interrupções, paragens ou intervalos: _febre intermitente_. Que apresenta suspensões ou intervalos desiguais, (falando-se de pulsações). "
internação, Acto ou efeito de internar. 
intestino," Interior, interno, íntimo; doméstico; nacional: _guerras intestinas_. "
intoxicação,NA
intubação,NA
invasivo, Relativo a invasão. Que hostiliza. 
involução, Movimento regressivo. 
iodoterapia, Emprego terapêutico do iodo e seus compostos. 
íris," Meteoro luminoso, produzido na atmosfera, em forma de arco, pela decomposição dos raios solares. Cores, que, através de algumas lunetas, se observam em volta dos objectos. Quartzo irisado. "
iscência,NA
isolamento,NA
isquemia, Suspensão da circulação do sangue. 
ístmo,NA
jejum," Redução ou abstinência de alimento, como penitência ou em virtude de preceito eclesiástico. Abstenção ou redução da quantidade ordinária dos alimentos. Estado de quem não come desde o dia anterior: _ainda não almocei; estou em jejum_. "
keratina,NA
laboratório," Lugar, onde se fazem experiências biológicas ou operações químicas ou farmacêuticas. "
lactação, Acto ou efeito de lactar. 
lactente," Que ainda mama; que se está amamentando. Cf. Castilho, _Fastos_. "
lâmina de bisturi,NA
lanterna clínica,NA
laparoscopia,NA
laringe," Parte superior da traqueia, e órgão principal da voz. "
laringite, Inflamação da laringe. 
laringoscopia," Observação interior da laringe, por meio do laringoscópio. (Cp. _laringoscópio_) "
laringoscópio," Instrumento, para examinar o interior da laringe. "
laser cirúrgico,NA
laserterapia,NA
lateral, Relativo a lado. Transversal; que está ao lado. 
lavagem, O mesmo que _lavadura_. 
laxante, Que laxa. 
le, O mesmo que _lhe_. 
lesão, Acto ou efeito de lesar. Dano; prejuízo. Alteração ou perturbação nas funções ou textura dos órgãos do um indivíduo. 
leucemia," Doença, caracterizada principalmente pelo aumento dos glóbulos brancos do sangue. "
leucócito,NA
leucócitos,NA
leucocitose, Aumento mórbido dos glóbulos brancos do sangue. 
leucoplasia,NA
ligadura," Acção de ligar; liga; ligação. Atilho, atadura. "
ligamento," Acto de ligar. Liga; ligadura. Parte fibrosa, que liga órgãos contíguos. Parte que liga as duas válvulas da concha. Barro ou outra substância, com que se ligam os materiais de uma construção. "
linfadenop,NA
linfadenopatia,NA
linfático, Relativo à linfa. Que contém linfa. Em que predomina a linfa: _temperamento linfático_. 
linfócito,NA
linfoma, Tumor das glândulas linfáticas. 
lipase,NA
lipídeo,NA
lipoma, Tumor adiposo. 
lipossoma,NA
liquor, 
listeriose,NA
litíase,NA
litotripsia, O mesmo que _litotrícia_. 
lobotomia,NA
lóbulo, Pequeno lobo. 
locomotor, Que opera a locomoção. 
lombalgia,NA
lordose, Encurvamento da coluna vertebral para diante. 
lúmen,NA
lúpus," Inflamação cutânea, que se manifesta por pequenas protuberâncias, atacando especialmente o rosto e podendo ser seguida de úlceras. "
luteína,NA
luvas cirúrgicas,NA
luxação," Saída da extremidade articular de um osso, para fora da cavidade que lhe é própria, em virtude de um esforço externo ou de uma alteração orgânica. "
luz cirúrgica,NA
macrofágio,NA
magnésio," Metal que, combinado com o oxigénio, produz a magnésia. "
magnetoterapia,NA
malária," Febre paludosa, intermitente e remitente. É preferível o t. _sezonismo_. "
mal-estar, Indisposição física ou moral. Desassossego. Doença. Situação incomoda ou molesta. Organização defeituosa. Perturbação no espírito público. 
maligno," Tendente para o mal; malicioso. Nocivo, muito mau; de má qualidade. "
mamografia,NA
mandíbula," O mesmo que _maxila_. Cada uma das duas partes, em que se divide o bico das aves. Cada uma das duas peças móveis e duras, colocadas uma à esquerda e outra à direita da boca de certos insectos. "
manobra," Exercício militar. Acto ou arte de dirigir convenientemente a andadura das embarcações. Faina de marinheiro; marinharia. Habilidade, destreza. Astúcia, ardil. Meio de iludir ou enganar. Prestidigitação. "
mantoux,NA
marcapasso,NA
martelo reflexo,NA
máscara cirúrgica,NA
mastectomia,NA
mastite, Designação genérica de inflamações nas mamas. 
mastócito,NA
mastologia, O mesmo que _mastozoologia_. 
mecanismo, Disposição das partes constitutivas de uma máquina. Maquinismo. Organização de um todo. 
mediastino, Espaço entre cada uma das pleuras e a coluna vertebral. 
medicação, Acto de medicar; tratamento terapêutico. 
medicamento," Substância, que se aplica externa ou internamente, para restabelecer a saúde; remédio. "
medula," Substância amarelada ou avermelhada, contida na cavidade dos ossos longos, nas cavidades celulares das extremidades desses ossos, no díploe dos ossos chatos. Miolo, contido no caule das plantas dicotiledóneas. _Espinhal medula_, substância, que ocupa o canal formado pelos arcos das vértebras e que forma o encéfalo. "
medula óssea,NA
megacólon,NA
melanina, O mesmo que _melaína_. 
melanoma, Tumor pigmentoso. 
membrana," Tecido orgânico, mais ou menos laminoso, que envolve certos órgãos ou segrega certos líquidos. Película, que reveste certos órgãos vegetais. Película. "
menarca,NA
meninge,NA
meningioma,NA
meningite," Inflamação das meninges, especialmente de aracnoide. "
menisco, Vidro lenticular. Superfície curva de um líquido contido num tubo capilar. Figura geométrica com um lado convexo e outro côncavo. 
menopausa, Cessação do catamênio ou das regras; idade critica da mulher. 
menstruação,NA
mental, Relativo à mente; intelectual. Espiritual: _oração mental_. 
mesa cirúrgica,NA
mesentério," Membrana, em que estão suspensos os intestinos, e que lhes dá mobilidade. "
metabolismo, Mudança da natureza molecular dos corpos. 
metabolito,NA
metacarpo," Parte da mão, entre o carpo e os dedos. "
metaplasia,NA
metástase," Figura de retórica, em que um orador lança à conta de outrem as coisas a que ele se refere. Alteração de uma doença, quanto à forma ou quanto à sede. "
metemoglobina,NA
método," Conjunto de processos racionais, para fazer qualquer coisa ou obter qualquer fim teórico ou prático. Modo de proceder. Classificação de diversos seres, segundo os caracteres que os aproximam. Tratado elementar. "
metrorragia, Hemorragia do útero. 
micção, Acto de urinar. 
micose," Saliência esponjosa, em forma de cogumelo. Princípio açucarado da cravagem do centeio. "
microbiologia, Estudo ou tratado dos micróbios. (Cp. _microbiólogo_) 
microbioma,NA
microcirculação,NA
microscopia, Arte de usar o microscópio. Conjunto dos estudos microscópicos. 
microscópio," Instrumento, para amplificar e representar próximos os objectos que por ele se observam. "
mielina," Substância medular, contida nos tubos nervosos. "
mielografia,NA
mielograma,NA
mielopatia, Afecção da medula-espinhal. 
migração," Acto de passar de um país para outro, (falando-se de um povo ou de uma grande multidão de gente). Viagens periódicas ou irregulares, feitas por certas espécies de animais. "
miliar," Que tem forma de grão de milho. Que tem pequenas dimensões, (falando-se de um animal). "
mineral," Qualquer substância inorgânica, que se encontra no interior ou na superfície da terra, como metais, pedras, combustíveis. "
miocardite, Inflamação da substância muscular do coração. 
mioma," Tumor, formado principalmente de tecido muscular. "
miosite, Inflamação dos músculos. 
miscigenação,NA
mitocôndria,NA
mitose,NA
modalidade, Modo de ser. Restrição de certas proposições. 
modelagem, O mesmo que _modelação_. 
modulação, Acto ou efeito de modular. 
mola hidatiforme,NA
molécula," Pequenina parte de um corpo. A mais pequena parte de um corpo, a qual pode existir em liberdade. "
monitor de sinais vitais,NA
monitorização,NA
monocitose,NA
mononucleose,NA
morbidade,NA
mortalidade, Qualidade do que é mortal. Obituário. 
motilidade, Faculdade de mover. Força motriz. 
mucopolissacarídeo,NA
mucosa," Membrana, que segrega muco. "
mudança, Acto ou efeito de mudar. 
mulher,NA
multiplicação," Acto ou efeito de multiplicar. Reprodução: _a multiplicação da espécie humana_. Operação aritmética, em que um número chamado _multiplicando_, se repete tantas vezes quantas são as unidades de outro, chamado _multiplicador_. "
murmúrio vesicular,NA
músculo," Órgão carnudo, formado pela reunião de muitas fibras, e que serve para operar movimentos, sob a influência da vontade ou de uma excitação orgânica ou mecânica. "
mutação," Mudança, alteração e substituição. Volubilidade, inconstância. Mudança de cenário, nos teatros. "
mutiável,NA
nádegas,NA
narcolepsia," Tendência irresistível para o sono, manifestada como sintoma de algumas moléstias. "
narcose, O mesmo que _narcotismo_. 
nasal," Relativo ao nariz. Que está no nariz ou faz parte do nariz: _as fossas nasais_. Diz-se do som, da letra ou da sílaba, cuja emissão ou cuja pronúncia é modificada pelo nariz. Fanhoso. "
náusea," Enjoo ou ânsia, produzida pelo balanço da embarcação, no mar. "
necropsia, O mesmo que _autópsia_. 
necrose," Estado de um osso ou da parte de um osso, privada de vida. Doença dos vegetais, caracterizada por manchas negras, sob as quais tecidos se decompõem. "
nefrectomia, Extirpação total dos rins. 
nefrite,NA
nefrologia, Tratado acerca dos rins. 
nefropatia,NA
neonatal,NA
neonatologia,NA
neoplasia, O mesmo que _neoplastia_. Néoformação patológica. 
nervo," Cada um dos pequenos filamentos, que põem em comunicação o cérebro e a medula espinal com a circunferência do corpo, e que transmitem as sensações ao centro e as vontades à circunferência. Órgão de sensação e movimento nos animais. "
nervoso," Relativo a nervos. Que tem nervos. Que procede dos nervos ou tem a sua sede nos nervos. Enérgico; vigoroso. Excitado, exaltado. Que padece dos nervos. Que tem nervuras salientes. "
neuralgia," Doença, caracterizada por dor viva no trajecto de um nervo e das suas ramificações, sem alteração aparente da parte dolorida. "
neurite, Inflamação de um nervo. 
neuroblastoma,NA
neurocirurgia,NA
neurologia," Parte da Anatomia, que se ocupa do sistema nervoso. "
neurônio,NA
neuropatia," Doença, caracterizada por perturbação das funções orgânicas, sem lesão aparente e que se supõe ter a sua sede no sistema nervoso. (Cp. _neuropata_) "
neurose, Qualquer doença nervosa. Neuropatia. 
neurotransmissor,NA
neutrofilia,NA
nictúria,NA
nidação,NA
nistagmo," Oscilação do globo do olho, em torno ao seu eixo horizontal ou vertical. "
nitrogênio," Nome, que se propôs para designar o azoto. "
nível," Instrumento, para verificar se um plano está horizontal. Horizontalidade. "
nódulo, Pequeno nó. 
nomenclatura, Conjunto dos vocábulos de um dicionário. Conjunto de termos peculiares a uma arte ou ciência. Método para classificar os objectos de uma ciência ou arte. Lista. 
norma," Regra, preceito, lei. Modelo. "
normal," Conforme à norma; exemplar. _Escola normal_, aquela, cujos alunos se preparam para o professorado. "
nosologia," Parte da Medicina, que descreve, define e estuda as doenças em todas as suas circunstâncias. "
notalgia," Dor na região dorsal, sem fenómenos inflamatórios. "
nucleotí,NA
nucleotídeo,NA
nulípara," Diz-se da fêmea, que nunca pariu. "
nutrição," Acto ou efeito de nutrir. Gordura. Assimilação dos alimentos. Acto de reforçar a energia dos medicamentos, por meio de certos ingredientes. "
nutriente, O mesmo que _nutritivo_. 
obesidade," Qualidade de obeso. Gordura excessiva de um indivíduo, com proemenência do ventre. "
obituário, Relativo a óbito. 
obstetrícia," Arte, que se ocupa dos partos. "
obstrução, Acto ou efeito de obstruir. Embaraço nos vasos ou canais de um corpo animado. Obturação. 
obturador, Que obtura; que serve para obturar. 
oclusão," Acto de fechar. Doença, em que se suspendem as evacuações fecais. Cerramento momentaneo de uma abertura natural. "
odontologia, O mesmo que _odontographia_. Tratado das doenças e higiene dos dentes. 
oftalmologia," Tratamento medicinal do olho. Parte da Medicina, que tem por objecto o estudo dos olhos e das doenças deles. "
oftalmoscopia, Arte de empregar o oftalmoscópio. (Cp. _oftalmoscópio_) 
oftalmoscópio," Instrumento, para examinar a parte interior do olho. "
oligodendrócito,NA
oligomenorreia,NA
oligúria,NA
ombro, A parte mais alta do braço humano. Espádua. 
omia,NA
oncogênese,NA
oncologia, Estudo dos tumores. 
ondas de choque,NA
ooforectomia, Ablação do ovário. 
opióide,NA
oral," Relativo à boca. Que é articulado ou pronunciado, (em oposição a _escrito_): _linguagem oral_. "
orquiectomia,NA
ortopedia, Arte de prevenir ou corrigir as deformidades do corpo. 
ortopneia," Dificuldade de respirar, que obriga a estar em pé; asma. "
osso," Parte dura e sólida, que forma o arcaboiço do corpo dos animais vertebrados. Fragmento ou parte desse arcaboiço. "
osteíte, Inflamação do tecido ósseo. 
osteoartrite,NA
osteoblasto,NA
osteoclasto,NA
osteogênese, Formação dos ossos. 
osteologia," Parte da Anatomia, que trata dos ossos. "
osteomalacia,NA
osteopatia," Doença dos ossos, em geral. "
osteoporose, Aumento anormal da porosidade dos ossos. 
ostomia,NA
otite, Inflamação da membrana mucosa do ouvido. 
otorrinolaringologia,NA
otorrinolaringologista,NA
otososcópio,NA
ovário," Órgão dos animais ovíparos, destinado à produção dos ovos. Cada um dos dois corpos laterais do útero, que na fêmea dos mamíferos contém os ovos destinados à fecundação. "
ovulação, Saída do óvulo. 
oxidação, Acto de oxidar. Oxigenação. 
oxigenação, Acto ou efeito de oxigenar. 
oxigênio," Gás simples, que faz parte da atmosfera e que sustenta a respiração e a combustão. "
oxigenoterapia,NA
oximetria," Processo, para avaliar a quantidade de ácido livre ou de sal ácido, contido numa substância qualquer. "
pacemaker,NA
paciente," Pessoa, que tem paciência. Pessoa, que padece ou vai padecer. Doente. O que recebe a acção de um agente. "
paladar, Parte superior da cavidade bucal. 
paliativo, Que serve para paliar. 
palpação, O mesmo que _apalpadela_. 
palpitação, Acto de palpitar. 
pancreatite, Inflamação do pâncreas. 
pandemia," Doença que, ao mesmo tempo, ataca muitos indivíduos na mesma localidade. "
papel de ecg,NA
papila," Pequena saliência cónica, na superfície da pele ou das mucosas, formada de ramificações nervosas ou vasculares. Protuberância cónica, em diversos órgãos vegetais. "
papiloma," Variedade de epithelioma, caracterizada pelo aumento do volume nas papilas de pele ou da mucosa. "
paracentese," Qualquer operação, com que se faz evacuar um líquido, acumulado numa parte do corpo. "
paralisia," Privação ou diminuição de sensibilidade e movimento voluntário, ou só de uma destas coisas. "
paramédico,NA
paraparesia,NA
paraplegia, Paralisia dos membros inferiores. 
parasitologia, Estudo científico do parasito. 
parenteral,NA
paresia," Paralisia incompleta, isto é, paralisia de nervo ou músculo que não perdeu inteiramente a sensibilidade e o movimento. "
parestesia," Desordem na sensibilidade, caracterizada por sensações anormais e alucinações sensoriais. "
parto, Acto de parir. 
patela," Género de moluscos gasterópodes. Rótula do joelho. Disco de ferro, marcado com pontos, e usado num jogo popular para se atirar ao meco. Nome desse jogo. "
patogênese, O mesmo que _patogenia_. 
patogênico, Relativo à patogenia. 
patologia," Ciência, que trata da origem, sintomas e natureza das doenças. "
pediatria, Medicina das crianças. 
pelagra," Doença, que principia por certos sintomas na pele, seguidos de graves alterações na membrana mucosa do canal digestivo, a que sucedem perturbações do sistema nervoso e a morte. "
pele," Membrana espessa, que envolve e cobre exteriormente todas as partes do corpo humano, bem como do corpo dos animais vertebrados e de muitos animais sem vértebras. Epiderme. Casca dos frutos e legumes. Parte da pele, flácida e pendente. Parte coriácea da carne comestível. Coiro dos animais, separado do corpo. "
pélvis, O mesmo que _pelve_. 
penetração, Acto ou efeito de penetrar. 
pênfigo," Bolhas na pele dos animais, contendo líquido seroso. "
péptido,NA
percepção, Acto ou efeito de perceber. 
perda, Acto de perder. Desaparecimento. 
perfusão,NA
pericardiocentese,NA
pericardite, Inflamação do pericárdio. 
perimetria, Medida do perímetro. 
perinatal,NA
periódico, Relativo a período. Que se repete em determinados tempos. Que em certas horas ou em certos dias manifesta certos fenómenos ou sintomas. Intermitente: _febres periodicas_. 
peristalse,NA
peristaltismo,NA
peritonite, Inflamação do peritoneu. 
permeabilidade, Qualidade do que é permeável. 
pernas,NA
pescoço," Parte do corpo, entre a cabeça e o tronco. Garganta, colo. Cachaço. "
peso,NA
pesquisa clínica,NA
petéquia,NA
ph,NA
pielografia,NA
piloro, Orifício inferior do estômago. 
pinça," Pequena tenaz. Barra de ferro, em forma de S, destinada a serviço de bomba, a bordo. Parte infero-interior do casco do cavalo; parte da ferradura, que corresponde a essa parte do casco. (Cast. _pinza_) "
pinça clínica odontológica,NA
pinça kelly,NA
pinça mosquito,NA
placa de petri,NA
placebo,NA
plasma," A parte líquida do sangue, em que nadam os glóbulos microscópicos. "
plasmídeo,NA
plastia,NA
pleura," Nome de duas membranas serosas, cada uma das quais reveste interiormente um dos lados do peito, reflectindo-se sobre os pulmões. "
pleurisia, Inflamação da pleura. 
pneumonia, Inflamação do parênquima do pulmão. 
pneumotórax," Pneumatose, no interior das pleuras. Cf. Macedo Pinto, _Comp. de Veter._, I, 107. "
podologia, Descrição do pé. 
poliomielite," Mielite, que assenta principalmente na substância cinzenta. "
polipose,NA
polissonografia,NA
pós-operatório,NA
postura," Posição do corpo. Disposição; aspecto físico. Artificios, enfeites, cosméticos, especialmente usados por algumas damas. Deliberação municipal escrita, que obriga os munícipes ao cumprimento de certos deveres de ordem pública. Os ovos, que uma galinha põe durante certo tempo. "
potássio," Metal branco, descoberto em 1807 e que, combinado com o oxigénio, dá a potassa pura. "
prebiótico,NA
precórdio, O mesmo que _diafragma_. 
predisposição, Acto de predispor ou de se predispor. Tendência; vocação. 
pré-eclâmpsia,NA
prematuro, O mesmo que _precoce_; temporão. 
pré-natal,NA
presbiopia, O mesmo que _presbitismo_. 
prescrição, Acto ou efeito de prescrever. Ordem expressa. Preceito; regra. 
probiótico,NA
procarioto,NA
proctologista,NA
profilaxia," Parte da Medicina, que tem por objecto as precauções contra certas enfermidades. "
progesterona,NA
prognóstico," Acto ou efeito de prognosticar. Conjectura. Parecer do médico, acerca do seguimento e resultado de uma doença. "
prolactina,NA
prolapso," Saída de um órgão ou de parte de um órgão, para fora do lugar normal: _prolapso do útero_. "
prostaglandina,NA
protease,NA
proteína c reativa,NA
proteoma,NA
protozoário," Diz-se dos animais, que têm a conformação mais rudimentar ou mais simples. "
proveta," Espécie de redoma pequena, para conter substâncias gasosas. Vaso cilíndrico ou cónico, convenientemente graduado, para medição de líquidos. "
prurido, Comichão. 
pseudociese,NA
psicossomático,NA
psiquiatria, Doutrina das doenças mentais e do tratamento delas. 
puberdade," Idade, em que os indivíduos se tornam aptos para a procriação. "
pulmão," Órgão, contido no peito, e com o qual se efetua a respiração; bofe. "
pulsação, Acto ou efeito de pulsar. 
púrpura," Substância corante, vermelho-escura, que se extraia dantes do múrice, substituido hoje pela cochinilha. Cor vermelha. Antigo tecido vermelho. Vestuário dos Reis. Dignidade real. Dignidade de alguns magistrados, que trajavam púrpura. Dignidade dos Cardeais, que usam vestes vermelhas. Espécie de moluscos. Doença, caracterizada por pequenas manchas purpúreas, produzidas por hemorragia sub-epidérmica. "
pustulose,NA
quadrante, Quarta parte da circunferência. Mostrador de relógio. 
quelóide,NA
queratina,NA
queratoplastia,NA
quimiotaxia," Acção atractiva ou repulsiva, exercida por certas substâncias sobre os microorganismos. "
r, Décima oitava letra do alfabeto português. Abrev. de _reprovação_. 
radiologia," Estudo científico dos raios luminosos, especialmente dos raios X. "
radioterapia, Tratamento terapêutico pelos raios X. 
raio x,NA
reabilitação, Acto ou efeito de reabilitar. Reaquisição de boa fama ou crédito. 
reabsorção, Acto ou efeito de reabsorver. 
reação em cadeia da polimerase,NA
receptor, Que recebe. 
recidiva, Recaída numa enfermidade. 
recipiente para objetos perfurocortantes,NA
reconstrução, Acto ou efeito de reconstruir. 
recuperação, Acto ou efeito de recuperar. 
refluxo vesicoureteral,NA
regeneração," Acto ou efeito de regenerar. Partido politico português, formado em 1851. "
regenerativo, Que pode regenerar. 
regulação, Acto ou efeito de regular. 
reidratação,NA
reimplante,NA
rejeição, Acto ou efeito de rejeitar. 
relaxamento, O mesmo que _relaxação_. 
relaxante muscular,NA
remédio," Aquilo que pode causar uma mudança salutar no organismo em geral ou num órgão especial. Aquilo que cura, ou a que se atribue a faculdade de curar. Expediente. Auxílio. Emenda. "
remissão, Acto ou efeito de remittir. Falta de rigor. Indulgência; perdão: _a remissão dos pecados_. Interrupção. Desânimo. Froixidão. Remessa. Decrescimento temporário dos sintomas de uma doença. Remittência. Diminuição de intensidade. 
renal, Relativo aos rins. 
renina,NA
reposição hormonal,NA
reprodução, Acto ou efeito de reproduzir. 
reserva ovariana,NA
resistência insulínica,NA
respiração, Acto ou efeito de respirar. Ambiente. Bafo. 
ressecção," Operação cirúrgica, que consiste em cortar uma parte, mais ou menos extensa, de um órgão. "
ressonância magnética,NA
restauração, Acto ou efeito de restaurar. Conserto; renovação: _restauração de um quadro_. Restabelecimento. Reacquisição da independencia nacional. Restabelecimento de uma dinastia. 
retenção, Acto ou efeito de reter. Demora; detenção. Reserva. Retentiva. Cárcere privado. Acumulação de substâncias nas cavidades orgânicas donde normalmente são expelidas: _retenção de urinas_. 
reticulócito,NA
retina," A mais interior membrana do olho, em que se formam as imagens, e que transmite a percepção ao cérebro por intermédio do nervo óptico. "
retinopatia,NA
retrovírus,NA
reumatismo," Dores, que têm a sua sede principal nos músculos e articulações, sem febre nem carácter inflamatório. "
reumatologia,NA
revascularização,NA
rinite, Inflamação da mucosa do nariz. 
rinoplastia," Operação cirúrgica, com que se substitue artificialmente o nariz ou parte do nariz. "
risco," O mesmo que [[risca:1]]. Delineamento, traçado: _fazer o risco de um edifício_. Debuxo. "
risco cirúrgico,NA
ritmo circadiano,NA
rodopsina,NA
ruptura, Acto ou efeito de romper. Interrupção. Violação de contrato ou acordo. Quebra ou corte de relações sociais. 
sacarose, O açúcar comum. 
salpingectomia,NA
sanatório," Estabelecimento ou residência, apropriada para doentes ou convalescentes. "
sangramento,NA
sanguíneo, Relativo ao sangue. Que tem cor de sangue. Em cujo temperamento predomina o sangue. Sanguinolento; sanguinário. 
sanitário, Relativo à saúde; relativo à higiene: _policia sanitária_. 
saponificação, Acto ou efeito de saponificar. 
sarcoma," Tumor ou excrescência mórbida, com a consistência da carne. "
saturação, Acto ou efeito de saturar. 
saúde," Estado do que é são, ou de quem tem as funções orgânicas no seu estado normal. Vigor. Boa ou má disposição no organismo de um indivíduo. Saudação, brinde, acto de se beber à mesa em homenagem ou lembrança afetuosa de alguém: _ao jantar, houve muitas saúdes_. "
secreção," Propriedade dos tecidos orgânicos, em virtude da qual saem da substância deles as moléculas interiores que, segundo a sua natureza, são expelidas ou reabsorvidas ou fixadas nas cavidades do organismo. Substância segregada. "
sedação, Acto de sedar. 
sedentarismo, Hábitos sedentários. 
segmentação, Acto de segmentar. 
seio carotídeo,NA
sêmen, Semente. Esperma. 
seminífero," Que tem sementes, ou que produz sémen. "
sensibilidade," Qualidade do que é sensível. Propriedade de certas partes do sistema nervoso, pela qual os homens e os animais percebem as impressões causadas por objectos exteriores, ou produzidas interiormente. Impressionabilidade; susceptibilidade. Precisão, com que certos instrumentos ou aparelhos indicam a menor diferença ou alteração. "
sensor de radiografia digital,NA
septicemia,NA
séptico, Que causa putrefacção. 
septoplastia,NA
sequenciamento,NA
seringa," Bomba portátil, que atrai e expele o ar e os líquidos, e que serve especialmente para introduzir líquidos nas cavidades interiores do corpo. "
serologia,NA
serotonina,NA
sialografia,NA
síndrome, O mesmo ou melhor que _síndroma_. 
sinovite, Inflamação das membranas sinoviais. 
sintoma," Fenómeno das funções ou da constituição material dos órgãos, próprio para indicar a natureza, existência ou sede de uma enfermidade. "
siringe,NA
sistema imunológico,NA
sístole," Estado do coração, em que as fibras musculares deste órgão estão contraidas. "
sítio cirúrgico,NA
situação," Acto ou efeito de situar. Sítio. Posição. Disposição recíproca das diferentes partes de um todo. Lugar, onde está uma coisa ou pessoa. Fase governamental ou ministerial. O Ministério ou Governo, relativamente à actualidade ou a uma dada época. Posição de um indivíduo, relativamente à sua profissão. Estado financeiro de um indivíduo ou de uma colectividade. Estado ou condição. Lance. Vicissitude; ocorrência. "
sobrecarga," Carga demasiada. Aquilo que se junta à carga. Aquilo que perturba o equilíbrio da carga. Espécie de cilha, com que se aperta a carga da besta. Marca, que as repartições postais põem nas estampilhas da correspondência. "
socorro," Acto ou efeito de socorrer; auxílio. Protecção, amparo. "
sódio," Corpo metálico, de que a soda é o óxido. "
somatostatina,NA
sonda,Forma afrancesada de _Sunda_. 
sonda exploradora odontológica,NA
sonda foley,NA
sonda nasogástrica,NA
sonolência," Sono imperfeito. Momento de transição, entre o estado de quem dorme e o acordar. Disposição para dormir; modorra. "
soro,NA
soro fisiológico,NA
sorologia,NA
soroterapia, O mesmo que _seroterapia_. 
soterramento, Acto ou efeito de soterrar^1. 
subcutâneo, Que está por baixo da cútis. 
sudorese,NA
suporte vital,NA
supuração, Acto ou efeito de supurar. 
susceptibilidade," Qualidade do que é susceptível. Disposição para sentir influências ou contrair enfermidades. Disposição para se melindrar facilmente; melindre.--Nesta última aceção, o t. é considerado galicismo inútil. "
sutura," Operação, que consiste em coser os lábios de uma ferida, para os juntar. Juntura. Costura. "
tálamo, Leito conjugal. 
tamponamento,NA
tendinite,NA
tensão arterial,NA
terapêutica," Parte da Medicina, que trata da escolha e administração dos meios de curar doenças, e da natureza dos remédios. Tratamento das doenças. "
termômetro clínico,NA
termoterapia, Emprego terapêutico do calor. 
tesoura cirúrgica,NA
tétano," Doença, caracterizada pela rigidez convulsiva dos músculos. "
tique, Contracção espasmódica dos músculos faciais. Neuralgia facial. 
tiras de teste de glicose,NA
tomografia,NA
toracocentese,NA
touca cirúrgica,NA
toxicologia," Ciência, que se ocupa dos tóxicos. "
toxina," Substância venenosa, segregada por bactérias. "
tracoma," Oftalmia, acompanhada de aspereza na parte interior das pálpebras. "
tráfego microvascular,NA
tranquilizante,NA
transfusão, Acto ou efeito de transfundir. 
transplante, O mesmo que _transplantação_. 
traqueostomia,NA
traumatologia,NA
tricomoníase,NA
triglicerídeos,NA
trombose," Coagulação do sangue em qualquer ponto do sistema circulatório, no corpo vivo. "
tuberculose," Disposição orgânica para a formação de tubérculos. Tísica, resultante da formação de tubérculos no pulmão. "
tubo de coleta de sangue,NA
tubo de ensaio,NA
tubo endotraqueal,NA
tumor," Saliência circunscrita, desenvolvida em qualquer parte do corpo. "
úlcera," Ferida ou chaga antiga, cuja cicatrização é pouco provável. Alteração do tecido lenhoso das árvores. "
ultrassom terapêutico,NA
ultrassonografia,NA
ureia, Um dos princípios imediatos da urina. (Cp. _urina_) 
ureter,NA
urologia," Tratado da urina, da sua constituição e das suas alterações mórbidas. "
vacinação, Acto ou efeito de vacinar. 
válvula," Valva pequena. Qualquer dobra membranosa que, nos vasos sanguíneos, obsta ao refluxo dos líquidos, gradua o curso do sangue, etc. Espécie de tampa, que fecha por si e hermeticamente um tubo. Placa metálica que, num orifício das máquinas de vapor, evita a explosão, cedendo ao impulso do vapor que superabunda. "
varicela," Doença infecciosa e contagiosa, ordinariamente benigna, caracterizada por uma erupção de pequenas bolhas, que secam ao cabo de alguns dias. "
vasculatura,NA
vasodilatação,NA
ventilador pulmonar,NA
ventrículo, Designação de certas cavidades de certos órgãos. Cada uma das duas cavidades inferiores do coração. Cada uma das cinco cavidades no âmago do cérebro. 
vertigem," Estado mórbido, em que ao indivíduo parece que todos os objectos giram em volta dele e que ele proprio gira. Tontura. Desmaio. "
vesícula biliar,NA
vírus," Princípio mórbido, inerente a certas doenças contagiosas: _o vírus da difteria_. Veneno de répteis. "
viscosidade," Qualidade do que é viscoso. Propriedade, pela qual as partículas de uma substância aderem reciprocamente. Coisa viscosa. "
vitamina,NA
vômito,NA
zoonose, Designação genérica das doenças dos animais. 
zoopsia,NA
zoster,NA
alergologia,NA
anestesiologia,NA
angiologia," Parte da Anatomia, que trata dos vasos. "
cardiologia, Tratado do coração. 
cirurgia cardiovascular,NA
cirurgia geral,NA
cirurgia plástica,NA
cirurgia torácica,NA
cirurgia vascular,NA
clínica médica,NA
coloproctologia,NA
dermatologia, Tratado da pele. 
endocrinologia,NA
endoscopia, Aplicação do endoscópio. 
gastroenterologia,NA
genética médica,NA
geriatria,NA
ginecologia e obstetrícia,NA
hematologia, Tratado teórico acerca do sangue. 
hepatologia, Tratado acerca do fígado. 
infectologia,NA
mastologia, O mesmo que _mastozoologia_. 
medicina de emergência,NA
medicina de família e comunidade,NA
medicina do trabalho,NA
medicina esportiva,NA
medicina física e reabilitação,NA
medicina intensiva,NA
medicina legal e perícia médica,NA
medicina nuclear,NA
medicina preventiva e social,NA
nefrologia, Tratado acerca dos rins. 
neonatologia,NA
neurocirurgia,NA
neurologia," Parte da Anatomia, que se ocupa do sistema nervoso. "
nutrologia,NA
oftalmologia," Tratamento medicinal do olho. Parte da Medicina, que tem por objecto o estudo dos olhos e das doenças deles. "
oncologia clínica,NA
ortopedia e traumatologia,NA
otorrinolaringologia,NA
patologia," Ciência, que trata da origem, sintomas e natureza das doenças. "
patologia clínica/medicina laboratorial,NA
pediatria, Medicina das crianças. 
pneumologia, Tratado acerca dos pulmões. 
psiquiatria, Doutrina das doenças mentais e do tratamento delas. 
radiologia e diagnóstico por imagem,NA
reumatologia,NA
urologia," Tratado da urina, da sua constituição e das suas alterações mórbidas. "
endodontia,NA
periodontia,NA
